N, Factors, Time
35437391370189380023, (9627637213, 3680798371), 0.861577033996582
403903264686388453744794079313, (525825865925917, 768131221493189), 14.22544002532959
